-- ============================================
-- إنشاء 3 حلقات مع 10 طلاب لكل حلقة
-- أسماء إسلامية عربية
-- ============================================

-- 1. إنشاء المعلمين (إذا لم يكن موجودين)
-- ============================================

INSERT INTO `teachers` (`id`, `full_name`, `phone`, `specialization`, `is_mujaz`, `qualification`, `staff_type`, `is_active`) VALUES
(10, 'الشيخ أحمد بن محمد', '7771111111', 'علوم القرآن الكريم', 1, 'إجازة في القراءات العشر', 'teacher', 1),
(11, 'الشيخ عمر بن عبدالله', '7772222222', 'علوم القرآن الكريم', 1, 'إجازة في القراءات السبع', 'teacher', 1),
(12, 'الشيخ خالد بن إبراهيم', '7773333333', 'علوم القرآن الكريم', 1, 'إجازة في القراءات العشر', 'teacher', 1)
ON DUPLICATE KEY UPDATE `full_name` = VALUES(`full_name`);

-- 2. إنشاء الحلقات الثلاث
-- ============================================

INSERT INTO `halaqat` (`id`, `name`, `start_date`, `teacher_id`) VALUES
(10, 'حلقة الصديق', '2024-09-01', 10),
(11, 'حلقة الفاروق', '2024-09-01', 11),
(12, 'حلقة ذي النورين', '2024-09-01', 12)
ON DUPLICATE KEY UPDATE `name` = VALUES(`name`);

-- 3. إنشاء 30 طالب (10 لكل حلقة)
-- ============================================

-- طلاب حلقة الصديق (10 طلاب)
INSERT INTO `students` (`id`, `registration_date`, `full_name`, `birth_date`, `phone`, `guardian_name`, `guardian_relationship`, `guardian_phone`, `academic_level`) VALUES
(100, '2024-09-01', 'محمد بن أحمد بن علي', '2010-05-15', '7771001001', 'أحمد بن علي', 'والد', '7771001000', 'ابتدائي'),
(101, '2024-09-01', 'عبدالله بن محمد بن صالح', '2010-06-20', '7771001002', 'محمد بن صالح', 'والد', '7771001001', 'ابتدائي'),
(102, '2024-09-01', 'عمر بن خالد بن إبراهيم', '2010-07-10', '7771001003', 'خالد بن إبراهيم', 'والد', '7771001002', 'ابتدائي'),
(103, '2024-09-01', 'يوسف بن عبدالرحمن بن حسن', '2010-08-05', '7771001004', 'عبدالرحمن بن حسن', 'والد', '7771001003', 'ابتدائي'),
(104, '2024-09-01', 'إبراهيم بن سعد بن ناصر', '2010-09-12', '7771001005', 'سعد بن ناصر', 'والد', '7771001004', 'ابتدائي'),
(105, '2024-09-01', 'علي بن فهد بن ماجد', '2010-10-18', '7771001006', 'فهد بن ماجد', 'والد', '7771001005', 'ابتدائي'),
(106, '2024-09-01', 'حسن بن سلمان بن راشد', '2010-11-25', '7771001007', 'سلمان بن راشد', 'والد', '7771001006', 'ابتدائي'),
(107, '2024-09-01', 'خالد بن وليد بن حمد', '2010-12-30', '7771001008', 'وليد بن حمد', 'والد', '7771001007', 'ابتدائي'),
(108, '2024-09-01', 'سعد بن نايف بن سالم', '2011-01-08', '7771001009', 'نايف بن سالم', 'والد', '7771001008', 'ابتدائي'),
(109, '2024-09-01', 'عبدالرحمن بن طارق بن يحيى', '2011-02-14', '7771001010', 'طارق بن يحيى', 'والد', '7771001009', 'ابتدائي')
ON DUPLICATE KEY UPDATE `full_name` = VALUES(`full_name`);

-- طلاب حلقة الفاروق (10 طلاب)
INSERT INTO `students` (`id`, `registration_date`, `full_name`, `birth_date`, `phone`, `guardian_name`, `guardian_relationship`, `guardian_phone`, `academic_level`) VALUES
(110, '2024-09-01', 'أحمد بن حمد بن عثمان', '2010-03-20', '7772002001', 'حمد بن عثمان', 'والد', '7772002000', 'ابتدائي'),
(111, '2024-09-01', 'صالح بن ناصر بن عبدالله', '2010-04-15', '7772002002', 'ناصر بن عبدالله', 'والد', '7772002001', 'ابتدائي'),
(112, '2024-09-01', 'ماجد بن راشد بن سعيد', '2010-05-22', '7772002003', 'راشد بن سعيد', 'والد', '7772002002', 'ابتدائي'),
(113, '2024-09-01', 'نواف بن فهد بن مبارك', '2010-06-18', '7772002004', 'فهد بن مبارك', 'والد', '7772002003', 'ابتدائي'),
(114, '2024-09-01', 'فيصل بن سعد بن خالد', '2010-07-25', '7772002005', 'سعد بن خالد', 'والد', '7772002004', 'ابتدائي'),
(115, '2024-09-01', 'بندر بن وليد بن حمدان', '2010-08-30', '7772002006', 'وليد بن حمدان', 'والد', '7772002005', 'ابتدائي'),
(116, '2024-09-01', 'تركي بن سلمان بن راشد', '2010-09-10', '7772002007', 'سلمان بن راشد', 'والد', '7772002006', 'ابتدائي'),
(117, '2024-09-01', 'عبدالعزيز بن طارق بن يوسف', '2010-10-15', '7772002008', 'طارق بن يوسف', 'والد', '7772002007', 'ابتدائي'),
(118, '2024-09-01', 'سلمان بن نايف بن سالم', '2010-11-20', '7772002009', 'نايف بن سالم', 'والد', '7772002008', 'ابتدائي'),
(119, '2024-09-01', 'مشعل بن فهد بن ماجد', '2010-12-28', '7772002010', 'فهد بن ماجد', 'والد', '7772002009', 'ابتدائي')
ON DUPLICATE KEY UPDATE `full_name` = VALUES(`full_name`);

-- طلاب حلقة ذي النورين (10 طلاب)
INSERT INTO `students` (`id`, `registration_date`, `full_name`, `birth_date`, `phone`, `guardian_name`, `guardian_relationship`, `guardian_phone`, `academic_level`) VALUES
(120, '2024-09-01', 'عبدالله بن حمد بن عثمان', '2010-01-10', '7773003001', 'حمد بن عثمان', 'والد', '7773003000', 'ابتدائي'),
(121, '2024-09-01', 'محمد بن صالح بن ناصر', '2010-02-15', '7773003002', 'صالح بن ناصر', 'والد', '7773003001', 'ابتدائي'),
(122, '2024-09-01', 'خالد بن راشد بن سعيد', '2010-03-22', '7773003003', 'راشد بن سعيد', 'والد', '7773003002', 'ابتدائي'),
(123, '2024-09-01', 'عمر بن فهد بن مبارك', '2010-04-18', '7773003004', 'فهد بن مبارك', 'والد', '7773003003', 'ابتدائي'),
(124, '2024-09-01', 'يوسف بن سعد بن خالد', '2010-05-25', '7773003005', 'سعد بن خالد', 'والد', '7773003004', 'ابتدائي'),
(125, '2024-09-01', 'إبراهيم بن وليد بن حمدان', '2010-06-30', '7773003006', 'وليد بن حمدان', 'والد', '7773003005', 'ابتدائي'),
(126, '2024-09-01', 'علي بن سلمان بن راشد', '2010-07-10', '7773003007', 'سلمان بن راشد', 'والد', '7773003006', 'ابتدائي'),
(127, '2024-09-01', 'حسن بن طارق بن يوسف', '2010-08-15', '7773003008', 'طارق بن يوسف', 'والد', '7773003007', 'ابتدائي'),
(128, '2024-09-01', 'سعد بن نايف بن سالم', '2010-09-20', '7773003009', 'نايف بن سالم', 'والد', '7773003008', 'ابتدائي'),
(129, '2024-09-01', 'عبدالرحمن بن فهد بن ماجد', '2010-10-28', '7773003010', 'فهد بن ماجد', 'والد', '7773003009', 'ابتدائي')
ON DUPLICATE KEY UPDATE `full_name` = VALUES(`full_name`);

-- 4. ربط الطلاب بالحلقات (halaqa_enrollments)
-- ============================================

-- تسجيل طلاب حلقة الصديق (10 طلاب)
INSERT INTO `halaqa_enrollments` (`halaqa_id`, `student_id`, `enroll_date`, `is_active`) VALUES
(10, 100, '2024-09-01', 1),
(10, 101, '2024-09-01', 1),
(10, 102, '2024-09-01', 1),
(10, 103, '2024-09-01', 1),
(10, 104, '2024-09-01', 1),
(10, 105, '2024-09-01', 1),
(10, 106, '2024-09-01', 1),
(10, 107, '2024-09-01', 1),
(10, 108, '2024-09-01', 1),
(10, 109, '2024-09-01', 1)
ON DUPLICATE KEY UPDATE `is_active` = 1;

-- تسجيل طلاب حلقة الفاروق (10 طلاب)
INSERT INTO `halaqa_enrollments` (`halaqa_id`, `student_id`, `enroll_date`, `is_active`) VALUES
(11, 110, '2024-09-01', 1),
(11, 111, '2024-09-01', 1),
(11, 112, '2024-09-01', 1),
(11, 113, '2024-09-01', 1),
(11, 114, '2024-09-01', 1),
(11, 115, '2024-09-01', 1),
(11, 116, '2024-09-01', 1),
(11, 117, '2024-09-01', 1),
(11, 118, '2024-09-01', 1),
(11, 119, '2024-09-01', 1)
ON DUPLICATE KEY UPDATE `is_active` = 1;

-- تسجيل طلاب حلقة ذي النورين (10 طلاب)
INSERT INTO `halaqa_enrollments` (`halaqa_id`, `student_id`, `enroll_date`, `is_active`) VALUES
(12, 120, '2024-09-01', 1),
(12, 121, '2024-09-01', 1),
(12, 122, '2024-09-01', 1),
(12, 123, '2024-09-01', 1),
(12, 124, '2024-09-01', 1),
(12, 125, '2024-09-01', 1),
(12, 126, '2024-09-01', 1),
(12, 127, '2024-09-01', 1),
(12, 128, '2024-09-01', 1),
(12, 129, '2024-09-01', 1)
ON DUPLICATE KEY UPDATE `is_active` = 1;

-- ============================================
-- ملخص البيانات المُنشأة:
-- ============================================
-- 3 معلمين
-- 3 حلقات:
--   - حلقة الصديق (10 طلاب)
--   - حلقة الفاروق (10 طلاب)
--   - حلقة ذي النورين (10 طلاب)
-- 30 طالب (10 لكل حلقة)
-- ============================================


